endpoint;min (q0);q1;median (q2);q3;max (q4);mean (μ);std (σ);application
/add_message;0.329;0.34;0.345;0.35;0.477;0.347;0.015;rust-actix
/api/fllws/user;0.26;0.277;0.329;0.338;0.579;0.322;0.04;rust-actix
/api/latest;0.106;0.114;0.117;0.167;0.24;0.134;0.027;rust-actix
/api/msgs;0.21;0.221;0.225;0.262;0.394;0.239;0.026;rust-actix
/api/msgs/user0;0.259;0.278;0.327;0.333;0.782;0.316;0.036;rust-actix
/api/register;0.259;0.272;0.276;0.295;0.738;0.309;0.069;rust-actix
/api/unfllws/user;0.315;0.331;0.335;0.358;0.612;0.348;0.027;rust-actix
/login;0.371;0.396;0.407;0.424;0.588;0.412;0.02;rust-actix
/logout;0.116;0.132;0.132;0.133;0.193;0.133;0.007;rust-actix
/public;0.114;0.122;0.123;0.124;0.577;0.13;0.039;rust-actix
/register;0.219;0.237;0.239;0.24;0.335;0.24;0.01;rust-actix
/user/follow;0.529;0.552;0.562;0.616;0.841;0.583;0.037;rust-actix
/user/unfollow;0.282;0.292;0.441;0.45;0.63;0.387;0.081;rust-actix
/user/user0;0.262;0.277;0.284;0.285;0.55;0.289;0.028;rust-actix
/add_message;0.428;0.451;0.492;0.537;0.737;0.494;0.046;ruby-sinatra
/api/fllws/user;0.237;0.259;0.419;0.429;0.932;0.38;0.106;ruby-sinatra
/api/latest;0.073;0.081;0.086;0.092;0.209;0.088;0.01;ruby-sinatra
/api/msgs;0.658;0.683;0.689;0.71;1.233;0.711;0.053;ruby-sinatra
/api/msgs/user0;0.293;0.353;0.742;0.757;1.291;0.639;0.203;ruby-sinatra
/api/register;0.56;0.582;0.588;0.603;3.773;0.623;0.217;ruby-sinatra
/api/unfllws/user;0.294;0.309;0.313;0.322;0.503;0.321;0.022;ruby-sinatra
/login;0.268;0.283;0.289;0.293;0.435;0.292;0.017;ruby-sinatra
/logout;0.19;0.2;0.201;0.205;0.302;0.206;0.013;ruby-sinatra
/public;0.137;0.152;0.155;0.156;0.229;0.156;0.008;ruby-sinatra
/register;0.527;0.55;0.576;0.589;0.806;0.579;0.037;ruby-sinatra
/user/follow;0.585;0.608;0.613;0.623;0.85;0.623;0.033;ruby-sinatra
/user/unfollow;0.088;0.091;0.489;0.508;0.715;0.345;0.209;ruby-sinatra
/user/user0;0.351;0.366;0.368;0.373;0.648;0.378;0.029;ruby-sinatra
/add_message;0.326;0.348;0.381;0.459;0.632;0.403;0.056;go-gorilla
/api/fllws/user;0.261;0.28;0.487;0.495;0.985;0.43;0.117;go-gorilla
/api/latest;0.055;0.061;0.062;0.168;0.23;0.096;0.05;go-gorilla
/api/msgs;0.22;0.23;0.233;0.243;0.971;0.258;0.058;go-gorilla
/api/msgs/user0;0.272;0.288;0.378;0.385;0.835;0.358;0.061;go-gorilla
/api/register;0.364;0.38;0.383;0.392;1.364;0.398;0.066;go-gorilla
/api/unfllws/user;0.416;0.432;0.436;0.445;0.74;0.448;0.033;go-gorilla
/login;0.222;0.24;0.45;0.459;0.645;0.36;0.109;go-gorilla
/logout;0.066;0.153;0.155;0.155;0.211;0.146;0.028;go-gorilla
/public;0.064;0.128;0.131;0.131;0.232;0.12;0.026;go-gorilla
/register;0.222;0.24;0.291;0.292;0.492;0.275;0.029;go-gorilla
/user/follow;0.478;0.503;0.513;0.557;0.858;0.529;0.033;go-gorilla
/user/unfollow;0.425;0.446;0.458;0.501;0.774;0.473;0.032;go-gorilla
/user/user0;0.216;0.23;0.277;0.282;0.386;0.26;0.027;go-gorilla
/add_message;0.338;0.353;0.373;0.467;0.82;0.409;0.059;go-gin
/api/fllws/user;0.263;0.283;0.491;0.499;1.553;0.444;0.158;go-gin
/api/latest;0.055;0.059;0.063;0.171;0.237;0.098;0.052;go-gin
/api/msgs;0.222;0.232;0.234;0.245;0.724;0.258;0.054;go-gin
/api/msgs/user0;0.275;0.29;0.383;0.392;1.19;0.367;0.078;go-gin
/api/register;0.366;0.383;0.387;0.395;1.085;0.399;0.043;go-gin
/api/unfllws/user;0.417;0.435;0.439;0.446;1.205;0.452;0.044;go-gin
/login;0.224;0.242;0.449;0.458;0.652;0.361;0.109;go-gin
/logout;0.019;0.019;0.02;0.02;0.027;0.02;0.001;go-gin
/public;0.065;0.126;0.128;0.128;0.175;0.118;0.025;go-gin
/register;0.22;0.238;0.3;0.301;0.514;0.278;0.033;go-gin
/user/follow;0.489;0.508;0.523;0.577;0.797;0.541;0.038;go-gin
/user/unfollow;0.339;0.35;0.451;0.459;0.657;0.418;0.058;go-gin
/user/user0;0.219;0.232;0.287;0.293;0.497;0.268;0.034;go-gin
/add_message;0.464;0.492;0.498;0.506;0.924;0.51;0.042;python-flask
/api/fllws/user;0.376;0.403;0.451;0.462;1.09;0.442;0.044;python-flask
/api/latest;0.166;0.178;0.18;0.185;0.311;0.184;0.012;python-flask
/api/msgs;0.33;0.345;0.35;0.361;1.75;0.366;0.097;python-flask
/api/msgs/user0;0.381;0.399;0.404;0.414;1.807;0.419;0.079;python-flask
/api/register;0.382;0.397;0.402;0.414;2.28;0.445;0.181;python-flask
/api/unfllws/user;0.488;0.509;0.516;0.527;1.091;0.526;0.035;python-flask
/login;0.401;0.427;0.471;0.494;0.73;0.464;0.039;python-flask
/logout;0.204;0.217;0.221;0.222;0.346;0.223;0.013;python-flask
/public;0.18;0.194;0.198;0.199;0.427;0.201;0.019;python-flask
/register;0.239;0.266;0.329;0.33;0.523;0.313;0.038;python-flask
/user/follow;0.616;0.649;0.658;0.666;1.012;0.666;0.037;python-flask
/user/unfollow;0.244;0.254;0.71;0.724;1.225;0.584;0.228;python-flask
/user/user0;0.348;0.363;0.368;0.373;0.699;0.375;0.027;python-flask
/add_message;0.263;0.293;0.343;0.348;0.579;0.335;0.044;c-sharp-razor
/api/fllws/user;0.282;0.297;0.305;0.322;1.712;0.355;0.162;c-sharp-razor
/api/latest;0.061;0.067;0.07;0.139;0.244;0.093;0.034;c-sharp-razor
/api/msgs;0.176;0.188;0.192;0.217;1.309;0.272;0.191;c-sharp-razor
/api/msgs/user0;0.23;0.244;0.25;0.273;1.2;0.295;0.122;c-sharp-razor
/api/register;1.285;1.439;1.457;1.481;9.129;1.525;0.481;c-sharp-razor
/api/unfllws/user;0.393;0.408;0.414;0.429;1.486;0.438;0.064;c-sharp-razor
/login;1.309;1.465;1.487;1.704;3.162;1.605;0.236;c-sharp-razor
/logout;0.148;0.213;0.217;0.218;0.371;0.212;0.029;c-sharp-razor
/public;0.129;0.148;0.152;0.153;0.254;0.151;0.014;c-sharp-razor
/register;1.19;1.326;1.353;1.586;2.769;1.45;0.186;c-sharp-razor
/user/follow;0.59;0.622;0.696;0.971;1.634;0.781;0.176;c-sharp-razor
/user/unfollow;0.253;0.262;0.663;0.678;1.142;0.537;0.217;c-sharp-razor
/user/user0;1.433;1.48;1.498;1.54;2.582;1.54;0.136;c-sharp-razor
/add_message;0.195;0.215;0.219;0.223;0.407;0.222;0.015;javascript-express
/api/fllws/user;0.175;0.19;0.246;0.254;0.875;0.234;0.044;javascript-express
/api/latest;0.062;0.067;0.071;0.077;0.143;0.073;0.008;javascript-express
/api/msgs;0.126;0.133;0.136;0.164;0.322;0.147;0.021;javascript-express
/api/msgs/user0;0.179;0.189;0.194;0.209;0.461;0.204;0.023;javascript-express
/api/register;0.18;0.189;0.193;0.218;2.653;0.316;0.424;javascript-express
/api/unfllws/user;0.232;0.243;0.249;0.26;0.64;0.262;0.037;javascript-express
/login;0.193;0.208;0.225;0.226;0.361;0.222;0.018;javascript-express
/logout;0.094;0.097;0.097;0.098;0.152;0.1;0.008;javascript-express
/public;0.078;0.091;0.092;0.093;0.142;0.092;0.007;javascript-express
/register;0.082;0.111;0.113;0.114;0.189;0.113;0.013;javascript-express
/user/follow;0.363;0.377;0.384;0.398;0.897;0.403;0.058;javascript-express
/user/unfollow;0.069;0.071;0.095;0.319;0.618;0.2;0.13;javascript-express
/user/user0;0.243;0.251;0.262;0.264;0.419;0.263;0.018;javascript-express
